<?xml version="1.0" encoding="UTF-8"?>
<project-private xmlns="http://www.netbeans.org/ns/project-private/1">
    <editor-bookmarks xmlns="http://www.netbeans.org/ns/editor-bookmarks/2" lastBookmarkId="0"/>
    <open-files xmlns="http://www.netbeans.org/ns/projectui-open-files/2">
        <group>
            <file>file:/C:/Net%20Java/PanaderiaMendoza/src/panaderiamendoza/PanaderiaMendoza.java</file>
            <file>file:/C:/Net%20Java/PanaderiaMendoza/src/panaderiamendoza/Cliente.java</file>
            <file>file:/C:/Net%20Java/PanaderiaMendoza/src/panaderiamendoza/Producto.java</file>
            <file>file:/C:/Net%20Java/PanaderiaMendoza/src/panaderiamendoza/Venta.java</file>
            <file>file:/C:/Net%20Java/PanaderiaMendoza/src/panaderiamendoza/SistemaPanaderia.java</file>
            <file>file:/C:/Net%20Java/PanaderiaMendoza/src/panaderiamendoza/Controlador.java</file>
        </group>
    </open-files>
</project-private>
