<?xml version="1.0" encoding="UTF-8"?>
<project-private xmlns="http://www.netbeans.org/ns/project-private/1">
    <editor-bookmarks xmlns="http://www.netbeans.org/ns/editor-bookmarks/2" lastBookmarkId="0"/>
    <open-files xmlns="http://www.netbeans.org/ns/projectui-open-files/2">
        <group>
            <file>file:/C:/Net%20Java/Proyecto_Tecnicas/src/proyecto_tecnicas/Proyecto_Tecnicas.java</file>
            <file>file:/C:/Net%20Java/Proyecto_Tecnicas/src/Vista/MenuPrincipal.java</file>
            <file>file:/C:/Net%20Java/Proyecto_Tecnicas/src/Vista/RegistroProducto.java</file>
            <file>file:/C:/Net%20Java/Proyecto_Tecnicas/src/Vista/RegistordeVenta.java</file>
            <file>file:/C:/Net%20Java/Proyecto_Tecnicas/src/Vista/HistorialdeVenta.java</file>
            <file>file:/C:/Net%20Java/Proyecto_Tecnicas/src/Vista/RegistrodeCliente.java</file>
            <file>file:/C:/Net%20Java/Proyecto_Tecnicas/src/Vista/RegistroCliente.java</file>
        </group>
    </open-files>
</project-private>
